"""directory""","""file_name""",variable_name,variable_type,description
directory,file_name,wkt_geom,character,A sentence to explain the variable
directory,file_name,StrtTm,character,A sentence to explain the variable
directory,file_name,EndTm,character,A sentence to explain the variable
directory,file_name,Date,character,A sentence to explain the variable
directory,file_name,Enumr,character,A sentence to explain the variable
directory,file_name,Date2,character,A sentence to explain the variable
directory,file_name,Prov,character,A sentence to explain the variable
directory,file_name,Dist,character,A sentence to explain the variable
directory,file_name,Comm,character,A sentence to explain the variable
directory,file_name,Vill,character,A sentence to explain the variable
directory,file_name,VillID,double,A sentence to explain the variable
directory,file_name,DCEbook,character,A sentence to explain the variable
directory,file_name,GPSX,double,A sentence to explain the variable
directory,file_name,GPSY,double,A sentence to explain the variable
directory,file_name,GPSerror,character,A sentence to explain the variable
directory,file_name,CustRecID,character,A sentence to explain the variable
directory,file_name,CustLoc,character,A sentence to explain the variable
directory,file_name,NearWtrFld,character,A sentence to explain the variable
directory,file_name,AnswSurv,character,A sentence to explain the variable
directory,file_name,DM,character,A sentence to explain the variable
directory,file_name,LatAcc,character,A sentence to explain the variable
directory,file_name,WhyNoLatAc,logical,A sentence to explain the variable
directory,file_name,LatAtWrk,character,A sentence to explain the variable
directory,file_name,Gndr,character,A sentence to explain the variable
directory,file_name,Age,double,A sentence to explain the variable
directory,file_name,IDPoor,character,A sentence to explain the variable
directory,file_name,Educ,character,A sentence to explain the variable
directory,file_name,ShwLat,character,A sentence to explain the variable
directory,file_name,FirstLat,character,A sentence to explain the variable
directory,file_name,LatYrs,double,A sentence to explain the variable
directory,file_name,NumPits,double,A sentence to explain the variable
directory,file_name,PTyp,character,A sentence to explain the variable
directory,file_name,PSer,character,A sentence to explain the variable
directory,file_name,PAlt,character,A sentence to explain the variable
directory,file_name,PPrc,character,A sentence to explain the variable
directory,file_name,PDifAcc,character,A sentence to explain the variable
directory,file_name,NumRngsP1,double,A sentence to explain the variable
directory,file_name,NumRngsP2,double,A sentence to explain the variable
directory,file_name,NumRngsP3,double,A sentence to explain the variable
directory,file_name,P2x2spac,character,A sentence to explain the variable
directory,file_name,PNoFuncRai,character,A sentence to explain the variable
directory,file_name,NumAdlts,double,A sentence to explain the variable
directory,file_name,NumChld,double,A sentence to explain the variable
directory,file_name,NumInfs,double,A sentence to explain the variable
directory,file_name,HHSize,double,A sentence to explain the variable
directory,file_name,NumPFild,character,A sentence to explain the variable
directory,file_name,PFulNw,character,A sentence to explain the variable
directory,file_name,PracPFulLs,character,A sentence to explain the variable
directory,file_name,PracPFul_1,character,A sentence to explain the variable
directory,file_name,PFul_Exp,double,A sentence to explain the variable
directory,file_name,PFul_Tim,double,A sentence to explain the variable
directory,file_name,PFul_Eff,double,A sentence to explain the variable
directory,file_name,PFul_Cost,double,A sentence to explain the variable
directory,file_name,PSerKnwDat,character,A sentence to explain the variable
directory,file_name,PSerDat,character,A sentence to explain the variable
directory,file_name,PSerLrn,character,A sentence to explain the variable
directory,file_name,PSerLrnOtr,character,A sentence to explain the variable
directory,file_name,PSerWhSld,character,A sentence to explain the variable
directory,file_name,PSerWhSldO,character,A sentence to explain the variable
directory,file_name,PSerWhInst,character,A sentence to explain the variable
directory,file_name,PSerWhIn_1,character,A sentence to explain the variable
directory,file_name,POvrflwRn,character,A sentence to explain the variable
directory,file_name,PAltKnwDat,character,A sentence to explain the variable
directory,file_name,PAltDat,character,A sentence to explain the variable
directory,file_name,PAltLrn,character,A sentence to explain the variable
directory,file_name,PAltLrnOtr,character,A sentence to explain the variable
directory,file_name,PAltWhSld,character,A sentence to explain the variable
directory,file_name,PAltWhSldO,character,A sentence to explain the variable
directory,file_name,PAltWhInst,character,A sentence to explain the variable
directory,file_name,PAltWhIn_1,logical,A sentence to explain the variable
directory,file_name,PPrcKnwDat,character,A sentence to explain the variable
directory,file_name,PPrcDat,character,A sentence to explain the variable
directory,file_name,PPrcLrn,character,A sentence to explain the variable
directory,file_name,PPrcLrnOtr,character,A sentence to explain the variable
directory,file_name,PPrcWhPrc,character,A sentence to explain the variable
directory,file_name,PPrcWhPrcO,character,A sentence to explain the variable
directory,file_name,EmptWh,character,A sentence to explain the variable
directory,file_name,EmptWhOtr,character,A sentence to explain the variable
directory,file_name,EmptEqup,character,A sentence to explain the variable
directory,file_name,EmptEqupOt,character,A sentence to explain the variable
directory,file_name,EmptMnth,double,A sentence to explain the variable
directory,file_name,EmptPrbs,character,A sentence to explain the variable
directory,file_name,EmptSchd,character,A sentence to explain the variable
directory,file_name,EmptCost,double,A sentence to explain the variable
directory,file_name,EmptPAdd,character,A sentence to explain the variable
directory,file_name,EmptPAddOt,character,A sentence to explain the variable
directory,file_name,DispLoc,character,A sentence to explain the variable
directory,file_name,EmptDIYapp,double,A sentence to explain the variable
directory,file_name,SrvcLrn,character,A sentence to explain the variable
directory,file_name,SrvcLrnOtr,character,A sentence to explain the variable
directory,file_name,SrvcCntct,character,A sentence to explain the variable
directory,file_name,SrvcCntctO,logical,A sentence to explain the variable
directory,file_name,SrvcDely,character,A sentence to explain the variable
directory,file_name,SrvcSat_Ov,double,A sentence to explain the variable
directory,file_name,SrvcSat_Co,double,A sentence to explain the variable
directory,file_name,SrvcSat_Sa,double,A sentence to explain the variable
directory,file_name,SrvcSat_Ea,double,A sentence to explain the variable
directory,file_name,SrvcSat__1,double,A sentence to explain the variable
directory,file_name,SrvcRec,character,A sentence to explain the variable
directory,file_name,KnwEmptPrc,character,A sentence to explain the variable
directory,file_name,KnwEmptP_1,character,A sentence to explain the variable
directory,file_name,KnwClthYN,character,A sentence to explain the variable
directory,file_name,KnwClth,character,A sentence to explain the variable
directory,file_name,KnwClthOtr,character,A sentence to explain the variable
directory,file_name,KnwADP,character,A sentence to explain the variable
directory,file_name,KnwADPOtr,character,A sentence to explain the variable
directory,file_name,KnwHhelthF,character,A sentence to explain the variable
directory,file_name,KnwMrukFS,character,A sentence to explain the variable
directory,file_name,KnwFSwtrSa,character,A sentence to explain the variable
directory,file_name,KnwFSfldSa,character,A sentence to explain the variable
directory,file_name,KnwPwatSaf,character,A sentence to explain the variable
directory,file_name,KnwLiqFSSa,character,A sentence to explain the variable
directory,file_name,KnwTimSeld,character,A sentence to explain the variable
directory,file_name,AttKilMruk,character,A sentence to explain the variable
directory,file_name,AttSafMstI,character,A sentence to explain the variable
directory,file_name,SNmNeiOpns,character,A sentence to explain the variable
directory,file_name,SNmSlfEmpt,character,A sentence to explain the variable
directory,file_name,SNmFlodOut,character,A sentence to explain the variable
directory,file_name,SNmHirSrvc,character,A sentence to explain the variable
directory,file_name,SNmInstNwP,character,A sentence to explain the variable
directory,file_name,SNmUseADP,character,A sentence to explain the variable
directory,file_name,SNmPrcP,character,A sentence to explain the variable
directory,file_name,SNmResmOD,character,A sentence to explain the variable
directory,file_name,PCntlAblEm,character,A sentence to explain the variable
directory,file_name,PCntlAbl_1,character,A sentence to explain the variable
directory,file_name,IntSlfEmpt,character,A sentence to explain the variable
directory,file_name,IntHirSrvc,character,A sentence to explain the variable
directory,file_name,IntInstNwP,character,A sentence to explain the variable
directory,file_name,IntUseNeiL,character,A sentence to explain the variable
directory,file_name,IntResmOD,character,A sentence to explain the variable
directory,file_name,IntDK,character,A sentence to explain the variable
directory,file_name,SrvcAvail,character,A sentence to explain the variable
directory,file_name,SrvcTooExp,character,A sentence to explain the variable
directory,file_name,SrvcTooFew,character,A sentence to explain the variable
directory,file_name,UsedFSag,character,A sentence to explain the variable
directory,file_name,IntPFulNoS,character,A sentence to explain the variable
directory,file_name,IntPFulN_1,character,A sentence to explain the variable
directory,file_name,DCEbook2,character,A sentence to explain the variable
directory,file_name,DCEq1,character,A sentence to explain the variable
directory,file_name,DCEq1Ans,character,A sentence to explain the variable
directory,file_name,DCEq1Ver,character,A sentence to explain the variable
directory,file_name,DCEq2,character,A sentence to explain the variable
directory,file_name,DCEq2Ans,character,A sentence to explain the variable
directory,file_name,DCEq2Ver,character,A sentence to explain the variable
directory,file_name,DCEq3,character,A sentence to explain the variable
directory,file_name,DCEq3Ans,character,A sentence to explain the variable
directory,file_name,DCEq3Ver,character,A sentence to explain the variable
directory,file_name,DCEq4,character,A sentence to explain the variable
directory,file_name,DCEq4Ans,character,A sentence to explain the variable
directory,file_name,DCEq4Ver,character,A sentence to explain the variable
directory,file_name,DCEq5,character,A sentence to explain the variable
directory,file_name,DCEq5Ans,character,A sentence to explain the variable
directory,file_name,DCEq5Ver,character,A sentence to explain the variable
directory,file_name,DCEbookVer,character,A sentence to explain the variable
directory,file_name,RespQ,character,A sentence to explain the variable
directory,file_name,HHid,double,A sentence to explain the variable
directory,file_name,NearStatcW,character,A sentence to explain the variable
directory,file_name,NearMoving,character,A sentence to explain the variable
directory,file_name,NearCropFl,character,A sentence to explain the variable
directory,file_name,DMresp,character,A sentence to explain the variable
directory,file_name,DMhusb,character,A sentence to explain the variable
directory,file_name,DMwife,character,A sentence to explain the variable
directory,file_name,DMfath,character,A sentence to explain the variable
directory,file_name,DMmoth,character,A sentence to explain the variable
directory,file_name,DMgrpa,character,A sentence to explain the variable
directory,file_name,DMgrma,character,A sentence to explain the variable
directory,file_name,DMfamM,character,A sentence to explain the variable
directory,file_name,DMfamF,character,A sentence to explain the variable
directory,file_name,DMotr,character,A sentence to explain the variable
directory,file_name,DMmale,character,A sentence to explain the variable
directory,file_name,DMfemale,character,A sentence to explain the variable
directory,file_name,IDPoorYN,character,A sentence to explain the variable
directory,file_name,PPFL_StlDF,character,A sentence to explain the variable
directory,file_name,PPFL_otr,character,A sentence to explain the variable
directory,file_name,PPFL_pser,character,A sentence to explain the variable
directory,file_name,PPFL_nwlat,character,A sentence to explain the variable
directory,file_name,PPFL_palt,character,A sentence to explain the variable
directory,file_name,PPFL_fldou,character,A sentence to explain the variable
directory,file_name,PPFL_rvrtO,character,A sentence to explain the variable
directory,file_name,PPFL_neifa,character,A sentence to explain the variable
directory,file_name,PPFL_emptd,character,A sentence to explain the variable
directory,file_name,EmptEqup_p,character,A sentence to explain the variable
directory,file_name,EmptEqup_f,character,A sentence to explain the variable
directory,file_name,EmptEqup_v,character,A sentence to explain the variable
directory,file_name,EmptEqup_o,character,A sentence to explain the variable
directory,file_name,EmptEqup_b,character,A sentence to explain the variable
directory,file_name,EmptPrbs_d,character,A sentence to explain the variable
directory,file_name,EmptPrbs_s,character,A sentence to explain the variable
directory,file_name,EmptPrbs_n,character,A sentence to explain the variable
directory,file_name,EmptPrbs_b,character,A sentence to explain the variable
directory,file_name,EmptPrbs_p,character,A sentence to explain the variable
directory,file_name,EmptPrbs_t,character,A sentence to explain the variable
directory,file_name,EmptPrbs_1,character,A sentence to explain the variable
directory,file_name,EmptPrbs_2,character,A sentence to explain the variable
directory,file_name,EmptPAdd_c,character,A sentence to explain the variable
directory,file_name,EmptPAdd_o,character,A sentence to explain the variable
directory,file_name,EmptPAdd_k,character,A sentence to explain the variable
directory,file_name,EmptPAdd_f,character,A sentence to explain the variable
directory,file_name,EmptPAdd_d,character,A sentence to explain the variable
directory,file_name,EmptPAdd_n,character,A sentence to explain the variable
directory,file_name,EmptPAdd_g,character,A sentence to explain the variable
directory,file_name,EmptPAdd_r,character,A sentence to explain the variable
directory,file_name,KnwEmptP_2,character,A sentence to explain the variable
directory,file_name,KnwEmptP_3,character,A sentence to explain the variable
directory,file_name,KnwEmptP_4,character,A sentence to explain the variable
directory,file_name,KnwEmptP_5,character,A sentence to explain the variable
directory,file_name,KnwEmptP_6,character,A sentence to explain the variable
directory,file_name,KnwEmptP_7,character,A sentence to explain the variable
directory,file_name,KnwEmptP_8,character,A sentence to explain the variable
directory,file_name,KnwClth_pa,character,A sentence to explain the variable
directory,file_name,KnwClth_ma,character,A sentence to explain the variable
directory,file_name,KnwClth_ot,character,A sentence to explain the variable
directory,file_name,KnwClth_sh,character,A sentence to explain the variable
directory,file_name,KnwClth_ey,character,A sentence to explain the variable
directory,file_name,KnwClth_dk,character,A sentence to explain the variable
directory,file_name,KnwClth_gl,character,A sentence to explain the variable
directory,file_name,KnwADP_alt,character,A sentence to explain the variable
directory,file_name,KnwADP_dbl,character,A sentence to explain the variable
directory,file_name,KnwADP_mak,character,A sentence to explain the variable
directory,file_name,KnwADP_con,character,A sentence to explain the variable
directory,file_name,KnwADP_saf,character,A sentence to explain the variable
directory,file_name,KnwADP_oth,character,A sentence to explain the variable
directory,file_name,KnwADP_dk,character,A sentence to explain the variable
directory,file_name,KnwADP_2pi,character,A sentence to explain the variable
directory,file_name,Flood_Pron_2011_1kmbuffer,double,A sentence to explain the variable
directory,file_name,PPrc_m,double,A sentence to explain the variable
directory,file_name,NumRngsP1_greater3_m,double,A sentence to explain the variable
directory,file_name,NumPits_greater1_m,double,A sentence to explain the variable
directory,file_name,PNoFuncRai_m,double,A sentence to explain the variable
directory,file_name,PNoFuncRai_MstRnSeasn_m,double,A sentence to explain the variable
directory,file_name,NumPFild_greaterorequal1_m,double,A sentence to explain the variable
directory,file_name,PracPFulLs_m,double,A sentence to explain the variable
directory,file_name,LatYrs_lessorequal3_m,double,A sentence to explain the variable
directory,file_name,HHSize_lessorequal5_m,double,A sentence to explain the variable
directory,file_name,NumPFild_isequal0_m,double,A sentence to explain the variable
directory,file_name,KnwEmptPrc_Flood out_m,double,A sentence to explain the variable
directory,file_name,KnwEmptPrc_PP_m,double,A sentence to explain the variable
directory,file_name,KnwEmptPrc_Flood out&PP_m,double,A sentence to explain the variable
directory,file_name,Flood_Pron_2011_nobuffer,double,A sentence to explain the variable
directory,file_name,Flood_Pron_2011_0.5kmbuffer,double,A sentence to explain the variable
directory,file_name,Flood_Pron_2013_nobuffer,double,A sentence to explain the variable
directory,file_name,GPS_Coord,double,A sentence to explain the variable
